Name,Country,Discipline,Event
PEDRERO Ofelia,Mexico,Artistic Swimming,Team
RADHI SHENAISHIL,Iraq,Football,Men
AFLAKIKHAMSEH Majid,IR Iran,Taekwondo,
YOUSEFY Mehrdad,IR Iran,Taekwondo,
MADDAH Minoo,IR Iran,Taekwondo,
LOFTUS Adriana,Mexico,Artistic Swimming,Team
FERRARA Fernando,Argentina,Hockey,
GULLA Alejandra,Argentina,Hockey,Women
CAPURRO Santiago,Argentina,Hockey,
RONCONI Mariano,Argentina,Hockey,
PAULON Ezequiel,Argentina,Hockey,
VILA Matias,Argentina,Hockey,
KHEIRKHAH HAJIRASOULIAN Mohammadre.,IR Iran,Artistic Gymnastics,
DAVIS DIAZ David,Mexico,Taekwondo,
MENDOZA MORA Abel,Mexico,Taekwondo,
VICTORIA ESPINOSA de los Alfonso,Mexico,Taekwondo,
MILANO Guillermo,Argentina,Handball,Men
GOMEZ CORA Santiago,Argentina,Rugby Sevens,Men
GRAVANO Leonardo,Argentina,Rugby Sevens,Men
FILIORIANU Ana Luiza,Romania,Rhythmic Gymnastics,
SMAILI Badr,Morocco,Taekwondo,
OCEGUERA ORNELAS Pavel,Mexico,Artistic Gymnastics,
VALENZUELA GOMEZ Maria,Mexico,Artistic Gymnastics,
MEZA PADILLA Jose,Mexico,Artistic Gymnastics,
AGUILAR ROJAS Blajaith,Mexico,Rhythmic Gymnastics,
FURALEV Vladislav,Mexico,Rhythmic Gymnastics,
UPTON Patrick Anthony Howard,India,Hockey,
SCHOPMAN Johanna Dorothea Maria,India,Hockey,
HALKETT Rhett Kennedy,India,Hockey,
FULTON Craig Arthur,India,Hockey,
FARRY Anthony James,India,Hockey,
THORPE Karen,Great Britain,Artistic Swimming,Duet
TOMOMATSU Yumiko,Great Britain,Artistic Swimming,Duet
CURRAN Orlaith,Ireland,Rugby Sevens,Women
NASKAR Arup,India,Hockey,
CHINNASAMY Ashok Kumar,India,Hockey,
BUSNARI Alberto,Italy,Artistic Gymnastics,
COCCIARO Giuseppe,Italy,Artistic Gymnastics,
FORTUNA Marco,Italy,Artistic Gymnastics,
BERGAMELLI Monica Roberta,Italy,Artistic Gymnastics,
CHIRILCENCO Marc Michel,Algeria,Artistic Gymnastics,
HAMICI Saad Eddine,Algeria,Artistic Gymnastics,
HERRANZ MARTIN Miguel Angel,Spain,Taekwondo,
RAMAL MUNOZ Jesus,Spain,Taekwondo,
SEIJO GIEBELS Christian Jaime,Spain,Taekwondo,
TOLEDO AROCA Antonio,Spain,Taekwondo,
YAGUE ENRIQUE Brigida,Spain,Taekwondo,
JONES Gilmar,Suriname,Taekwondo,
DIMITROVA Vesela,Bulgaria,Rhythmic Gymnastics,
STOYNEVA Yasena,Bulgaria,Rhythmic Gymnastics,
MARKOVA Branimira,Bulgaria,Rhythmic Gymnastics,
PAMUKOVA Mariyana,Bulgaria,Rhythmic Gymnastics,
IVANOVA Valentina,Bulgaria,Rhythmic Gymnastics,
LEE Eui Yong,Gambia,Taekwondo,
ARILL Samuel,Puerto Rico,Basketball,Women
MORALES OTERO Carlos,Puerto Rico,Basketball,Women
BATISTA Gerardo,Puerto Rico,Basketball,Women
COTUTIU Florin,Romania,Artistic Gymnastics,
JONES Daymon,Romania,Artistic Gymnastics,
KIENS Patrick,Romania,Artistic Gymnastics,
MOROSAN Corina,Romania,Artistic Gymnastics,
VOINEA Camelia,Romania,Artistic Gymnastics,
BERBECAR Marius,Romania,Artistic Gymnastics,
LIU Tsung-Ta,Chinese Taipei,Taekwondo,
GEORGALLAS Irodotos,Cyprus,Artistic Gymnastics,
PETRIDIS Panagiotis,Cyprus,Artistic Gymnastics,
FLANNERY Eimear,Ireland,Rugby Sevens,Men
SHIPPI Panayiotis,Cyprus,Artistic Gymnastics,
TRIKOMITI Chrystalleni,Cyprus,Rhythmic Gymnastics,
DEACU George,Romania,Water Polo,Men
RATH Bogdan,Romania,Water Polo,Men
ARIAS Ramon,Chile,Taekwondo,
WIBERG Johanna,Sweden,Handball,Women
FORSBERG Thomas,Sweden,Handball,Women
AXNER Tomas,Sweden,Handball,Women
DIOVOL Alioune,Senegal,Taekwondo,
da ROCHA Cristiano,Brazil,Handball,Women
ALTENBURG Valentin,Germany,Hockey,
HENNING Andre,Germany,Hockey,
SCHMITZ Johannes,Germany,Hockey,
ARKELL Robin,Germany,Hockey,
GADEMAN Pasha,Germany,Hockey,
WEIDINGER Markus,Austria,Taekwondo,
SOLBERG Glenn,Sweden,Handball,Men
SVENSSON Tomas,Sweden,Handball,Men
APELGREN Michael,Sweden,Handball,Men
TANKOUCHEV Milko,Bulgaria,Artistic Gymnastics,
YANEV Filip,Bulgaria,Artistic Gymnastics,
WINIARSKI Michal,Germany,Volleyball,Men
RANNER Thomas,Germany,Volleyball,Men
POSMYK Dominik,Germany,Volleyball,Men
SALLAH Mariama M.,Gambia,Taekwondo,
TUMILTY Mark,Ireland,Hockey,
TOTH Balazs,Germany,Taekwondo,
QUSAI MUNIR,Iraq,Football,Men
CRUZ LOPEZ Jose L,Puerto Rico,Basketball,Men
COLON Nelson,Puerto Rico,Basketball,Men
CRUZ Rafael,Puerto Rico,Basketball,Men
BESHEER Gamal,Egypt,Artistic Gymnastics,
MOHAMED Ahmed,Egypt,Artistic Gymnastics,
ABDELMEGUID Zakaria,Egypt,Artistic Gymnastics,
MOHAMED Mayar,Egypt,Rhythmic Gymnastics,
HUSSEIN Noha,Egypt,Rhythmic Gymnastics,
MOUNDOUNGA KOMBILA Stephane,Gabon,Taekwondo,
MLADENOVA Albena,Austria,Artistic Swimming,Duet
AL-ASSAF Faris,Jordan,Taekwondo,
ALSADEQ Yazan,Jordan,Taekwondo,
ALJALLAD Riham,Jordan,Taekwondo,
KRAVCHENKO Sergiy,Ukraine,Football,
ROTAN Ruslan,Ukraine,Football,Men
SIREKANYAN Gurgen,Jordan,Artistic Gymnastics,
FREHSE Gabriele,Austria,Artistic Gymnastics,
SAHIN Ali,Türkiye,Taekwondo,
TAZEGUL Servet,Türkiye,Taekwondo,
BABEL Vincent,Suriname,Taekwondo,
GOKTEKIN Yilmaz,Türkiye,Artistic Gymnastics,
NURI Tufan,Türkiye,Artistic Gymnastics,
GOJKOVIC Vladimir,Montenegro,Water Polo,Men
TOMAS Toni,Great Britain,Taekwondo,
LAURA Veljko,Croatia,Taekwondo,
MESAROV Dejan,Croatia,Taekwondo,
GALAMBOS Bence,Hungary,Taekwondo,
MARTON Luana,Hungary,Taekwondo,
SALIM Gergely,Hungary,Taekwondo,
SALIM Sharif Gergely,Hungary,Taekwondo,
MIKKONEN Suvi,Hungary,Taekwondo,
ROUSSEAUX Emile,France,Volleyball,Women
ANDRE Felix,France,Volleyball,Women
GAUTHIER Charles,France,Volleyball,Women
TOUPANE Jean Aime,France,Basketball,Women
MELAIN Catherine,France,Basketball,Women
GAUTIER David,France,Basketball,
HALIN Gregory,France,Basketball,
LEONARD Christophe,France,Basketball,
COLLET Vincent,France,Basketball,Men
DONNADIEU Pascal,France,Basketball,Men
ATKINSON Kenny,France,Basketball,Men
NELHOMME Ruddy,France,Basketball,
GOMIS Joseph,France,Basketball,
CIAMARRA Roberto,France,Volleyball,Men
GEILER Loic,France,Volleyball,Men
GIANI Andrea,France,Volleyball,Men
WENG Shih-Hang,Chinese Taipei,Artistic Gymnastics,
TSAI Heng-Cheng,Chinese Taipei,Artistic Gymnastics,
SANTARELLI Daniele,Türkiye,Volleyball,Women
FLISI Diego,Türkiye,Volleyball,Women
ZOTTA Andrea,Türkiye,Volleyball,Women
VATANSEVER Recep,Türkiye,Volleyball,Women
DARET Jerome,France,Rugby Sevens,Men
KRUMBHOLZ Olivier,France,Handball,Women
GARDILLOU Sebastien,France,Handball,Women
LEYNAUD Amandine,France,Handball,Women
GALKIN Evgeniy,Uzbekistan,Artistic Gymnastics,
ABDUSAMATOV Khusniddin,Uzbekistan,Artistic Gymnastics,
MWEMA Kevin,Kenya,Rugby Sevens,Men
AMONDE Andrew,Kenya,Rugby Sevens,Men
KISIA Louis,Kenya,Rugby Sevens,Men
HRUBESCH Horst,Germany,Football,Women
CARLSON Britta,Germany,Football,Women
FUCHS Michael,Germany,Football,Women
NOERENBERG Thomas,Germany,Football,Women
MUKHAMEDOVA Rano,Uzbekistan,Rhythmic Gymnastics,
VLASOVA Liliya,Uzbekistan,Rhythmic Gymnastics,
KHAN Pavel,Uzbekistan,Taekwondo,
RAFALOVICH Maksim,Uzbekistan,Taekwondo,
KHAN Vladimir,Uzbekistan,Taekwondo,
BAYKUZIYEV Jasur,Uzbekistan,Taekwondo,
PAKKAN Saim,Serbia,Volleyball,Women
NISHIIRI Toshihiro,Japan,Football,
IKEDA Futoshi,Japan,Football,Women
MIYAMOTO Tomomi,Japan,Football,
MENEZES Jude,Japan,Hockey,
OZAWA Kazuyuki,Japan,Hockey,
ERSIMSEK Ahmetcan,Serbia,Volleyball,Women
ROTHMAN Neville,Ireland,Hockey,
GELLE Noemi Katalin,Hungary,Rhythmic Gymnastics,
NAGANUMA Atsushi,Japan,Water Polo,Men
HAZUI Shota,Japan,Water Polo,Men
SHIOTA Yoshinori,Japan,Water Polo,Men
KAWAI Mayo,Japan,Artistic Swimming,
KASHIMA Tomoyo,Japan,Artistic Swimming,Team
NAKAJIMA Takako,Japan,Artistic Swimming,Team
KAPADZE Timur,Uzbekistan,Football,Men
CHIGODAEV Sergey,Uzbekistan,Football,
GILLE Guillaume,France,Handball,Men
MATHE Erick,France,Handball,Men
ALONSO TAPIA Rosendo,France,Taekwondo,
ALONSO TAPIA Gulsah,France,Taekwondo,
JUNG Woomin,France,Taekwondo,
WILLE Jonas,Norway,Handball,Men
EGE Steinar,Norway,Handball,Men
BOQUIST Martin,Norway,Handball,Men
OLSSON Mats,Norway,Handball,Women
HERGEIRSSON Thorir,Norway,Handball,Women
LARSEN Tonje,Norway,Handball,Women
JOERGENSEN Michael,Norway,Taekwondo,
DRASOCZKY Imre,Hungary,Artistic Gymnastics,
BRUUN Michael,Denmark,Handball,Men
JOERGENSEN Lars,Denmark,Handball,Women
KRONBORG Henrik,Denmark,Handball,Men
JACOBSEN Nikolaj,Denmark,Handball,Men
JENSEN Jesper,Denmark,Handball,Women
SOYEZ Frederic,France,Hockey,
SALA Ramon,France,Hockey,
LOMBI Jorge,France,Hockey,
SZUCS Robert,Hungary,Artistic Gymnastics,
TRENKA Janos,Hungary,Artistic Gymnastics,
HARVEY Mike,Great Britain,Taekwondo,
MAIZEROI Torann,Great Britain,Taekwondo,
MILLER Nelson,Great Britain,Taekwondo,
STAMPER Martin,Great Britain,Taekwondo,
POLJAKOVA Shanna,Germany,Artistic Gymnastics,
BELENKI Valeri,Germany,Artistic Gymnastics,
CATANOIU Grigore,Germany,Artistic Gymnastics,
BRYLOK Hubert,Germany,Artistic Gymnastics,
TEMME Kay,Germany,Artistic Gymnastics,
PFEFFER Camilla,Germany,Rhythmic Gymnastics,
RASKINA Yuliya,Germany,Rhythmic Gymnastics,
CAMICIOTTI Giacomo,Germany,Artistic Gymnastics,
DUNAVSKA MINEKOVA Kameliya,Germany,Rhythmic Gymnastics,
PARECKI Antoni Jerzy,Japan,Handball,Men
SNYMAN Philip,South Africa,Rugby Sevens,Men
LUCKAN Ghafoer,South Africa,Rugby Sevens,Men
GONZALEZ NUNEZ Arlen,Cuba,Taekwondo,
SHARABI Yechiam,Israel,Taekwondo,
BLECHER SIDOROVA Svetlana,Israel,Artistic Swimming,Duet
ABDELRAHMAN Osama,Egypt,Taekwondo,
YOUSSEF Mohamed,Egypt,Taekwondo,
ZAITSEVA Olesia,Ukraine,Artistic Swimming,Duet
SARTYNSKYI Gennadii,Ukraine,Artistic Gymnastics,
GORBACHEVA Iryna,Ukraine,Artistic Gymnastics,
KAIUKOVA Iuliia,Ukraine,Artistic Gymnastics,
DERYUGINA Iryna,Ukraine,Rhythmic Gymnastics,
BLOKHINA Iryna,Ukraine,Rhythmic Gymnastics,
KARDASH Maryna,Ukraine,Rhythmic Gymnastics,
VASYLIEVA Marharyta,Ukraine,Rhythmic Gymnastics,
KHOLOD Maryna,New Zealand,Artistic Swimming,Duet
RA Sanghyun,Fiji,Taekwondo,
KIM Hyou Mi,Korea,Artistic Swimming,Duet
ROSILLO ATENCIA Jose Antonio,Norway,Taekwondo,
LAI Yawen,China,Volleyball,Women
HERBERT Gordie,Germany,Basketball,Men
THOMAIDIS Lisa,Germany,Basketball,Women
PARSONS Sidney,Germany,Basketball,Women
MEADOWS Clarissa,Germany,Basketball,Women
THUSS Anne,Germany,Basketball,
PERWAS Klaus,Germany,Basketball,Men
BRIELMEIER Bret,Germany,Basketball,
HERBERT Daniel,Germany,Basketball,Men
REVINGTON Paul,Great Britain,Hockey,
BROWNE Kwan,Great Britain,Hockey,
GLYNN Katie,Great Britain,Hockey,
HICKMAN Mark,Great Britain,Hockey,
PAUL Jody,Great Britain,Hockey,
RALPH David,Great Britain,Hockey,
SIEBEN Craig,Great Britain,Hockey,
GRESKOWIAK Arne,Germany,Basketball,
HOLGUIN Ramon,Dominican Republic,Artistic Gymnastics,
WUDTKE Erik,Germany,Handball,Men
BEPPLER Jochen,Germany,Handball,Women
ANDERSSON Mattias,Germany,Handball,Men
GISLASON Alfred,Germany,Handball,Men
GAUGISCH Markus,Germany,Handball,Women
JANKOVIC Jasmina,Germany,Handball,Women
HENRY Thierry,France,Football,Men
BATICLE Gerald,France,Football,Men
CLICHY Gael,France,Football,Men
JANOT Jeremie,France,Football,Men
PEREIRA BRAVO Joao,Canada,Volleyball,Men
SAMMELVUO Tuomas,Canada,Volleyball,Men
HAWKINS Michael,Canada,Volleyball,Men
ZHENG Wei,China,Basketball,Women
JIA Nan,China,Basketball,
PARK Myungsoo,China,Basketball,
RUPEREZ Cesar,China,Basketball,Women
USUI Tomohiro,Japan,Basketball,
KONNO Kakeru,Japan,Basketball,
SUZUKI Yoshikazu,Japan,Basketball,Women
ONZUKA Toru,Japan,Basketball,Women
SASSA Norio,Japan,Basketball,
GAINES Corey,Japan,Basketball,Men
HOVASSE Tom,Japan,Basketball,Men
KATSUHISA Geoffrey,Japan,Basketball,
CHOI Chatchai,Thailand,Taekwondo,
SONKHAM Chanatip,Thailand,Taekwondo,
RUSEK Pawel,Poland,Volleyball,Men
GRBIC Nikola,Poland,Volleyball,Men
SWACZYNA Adam,Poland,Volleyball,Men
MATOSEVIC Valter,Croatia,Handball,Men
SIGURDSSON Dagur,Croatia,Handball,Men
SPOLJARIC Denis,Croatia,Handball,Men
DUPUIS Kevin,France,Artistic Gymnastics,
GEORGE Martine,France,Artistic Gymnastics,
POTAPENKO Valentin,France,Artistic Gymnastics,
HAGARD Monique,France,Artistic Gymnastics,
BARANOVA VOLCHETSKAYA Anna,France,Rhythmic Gymnastics,
BAYON Sara,France,Rhythmic Gymnastics,
GUILLIERE Katia,France,Rhythmic Gymnastics,
MILAN Gregory,France,Rhythmic Gymnastics,
ABDELFATTAH Aziza,Egypt,Artistic Swimming,Team
MOHAMED Mai,Egypt,Artistic Swimming,Duet
LATIF Yasmine,Egypt,Artistic Swimming,Team
FABRE Julie,France,Artistic Swimming,Team
OBRY Laure,France,Artistic Swimming,Team
ANNEQUIN Marie,France,Artistic Swimming,
ANGILLIS Pascal,Belgium,Basketball,
KAISER Pierre-Yves,Belgium,Basketball,
LORENT Jill,Belgium,Basketball,Women
de SCHEPPER Bram,Belgium,Artistic Gymnastics,
DECKX Stefan,Belgium,Artistic Gymnastics,
RECKINGER Xavier,Belgium,Hockey,Men
JEONG Eul Jin,Korea,Taekwondo,
KANG Bo Hyeon,Korea,Taekwondo,
LEE Dongchul,Korea,Taekwondo,
OH Hyeri,Korea,Taekwondo,
SON Hyo Bong,Korea,Taekwondo,
BEAGLEY Michael,Great Britain,Artistic Gymnastics,
CLAY Jenny,Great Britain,Artistic Gymnastics,
COLLIE Barry,Great Britain,Artistic Gymnastics,
HALL Paul,Great Britain,Artistic Gymnastics,
HANN Scott,Great Britain,Artistic Gymnastics,
HOWELLS Ben,Great Britain,Artistic Gymnastics,
INCE Brett,Great Britain,Artistic Gymnastics,
KENWRIGHT David,Great Britain,Artistic Gymnastics,
RICHARDSON Joshua,Great Britain,Artistic Gymnastics,
RICHARDSON Molly,Great Britain,Artistic Gymnastics,
TRANDABURU Ionut,Great Britain,Artistic Gymnastics,
JANKOVSKY Viktor,Czechia,Taekwondo,
ZHEREBCHEVSKYI Anton,Czechia,Taekwondo,
HYBRANT Bohuslav,Czechia,Taekwondo,
FOULARD Gael,France,Hockey,
JAQUET Nicolas,France,Hockey,
LORANTOS Theodoros,France,Water Polo,Women
DERENTY Lorene,France,Water Polo,Women
BRUZZO Florian,France,Water Polo,Men
KOBESCAK Vjekoslav,France,Water Polo,Men
MENDEZ Marcelo,Argentina,Volleyball,Men
LOPEZ Martin,Argentina,Volleyball,Men
RICO GOLBA Pablo,Argentina,Volleyball,Men
ALVAREZ Jorge,Argentina,Taekwondo,
ARROYO Gavin,United States,Water Polo,Men
UDOVICIC Dejan,United States,Water Polo,Men
USTASZEWSKI Matt,United States,Water Polo,Men
CAHILL Molly,United States,Water Polo,Women
KRIKORIAN Adam,United States,Water Polo,Women
OEDING Chris,United States,Water Polo,Women
AMADOU Soumaila,Niger,Taekwondo,
KWIEK Marcos,Dominican Republic,Volleyball,Women
ROCHA PACHECO Wagner,Dominican Republic,Volleyball,Women
YAMAMOTO Hayato,Japan,Rugby Sevens,Women
AMOR Simon Daniel Edward,Japan,Rugby Sevens,Men
SUZUKI Takashi,Japan,Rugby Sevens,Women
SAKATA Takahiro,Japan,Rugby Sevens,Men
UMEDA Koichi,Japan,Rugby Sevens,Men
KANEMATSU Yuka,Japan,Rugby Sevens,Women
SANCHEZ DURAN Wilson,Dominican Republic,Volleyball,Women
ZHANG Xiaohuan,China,Artistic Swimming,Team
WANG Jiuli,China,Artistic Swimming,Duet
HE Xiaochu,China,Artistic Swimming,
SHEN Yingsha,China,Artistic Swimming,
TARRES CAMPA Ana,China,Artistic Swimming,Team
ZHAO Dantong,China,Artistic Swimming,
BUGDAEV Kurban,Saudi Arabia,Taekwondo,
ASMOLOV Natalia,Israel,Rhythmic Gymnastics,
MAYRIN Ida,Israel,Rhythmic Gymnastics,
SZUCS Krisztian,Hungary,Taekwondo,
STSIAPANAVA Natalia,Israel,Rhythmic Gymnastics,
VAISBURG Sergei,Israel,Artistic Gymnastics,
KLEFNER BEN SHIMOL Moran,Israel,Artistic Gymnastics,
ELNAFRAWY Mohamed,Egypt,Volleyball,Men
BEN JABALLAH Maaouia,Tunisia,Archery,
GUAN Jianmin,China,Taekwondo,
KIM Young Jin,China,Taekwondo,
KONG Fantao,China,Taekwondo,
ZUSSMAN Ayelet,Israel,Rhythmic Gymnastics,
SAMOFALOV Ela,Israel,Rhythmic Gymnastics,
ARZA Carlos Vivier,Angola,Handball,Women
CATITO Nelson,Angola,Handball,Women
CAI Bin,China,Volleyball,Women
LI Yanlong,China,Volleyball,Women
YUAN Zhi,China,Volleyball,Women
HYTTEL Tobias,Denmark,Taekwondo,
SETTA Tarik,Denmark,Taekwondo,
ACHARKI Aziz,Denmark,Taekwondo,
TUCAK Ivica,Croatia,Water Polo,Men
POSINKOVIC Renco,Croatia,Water Polo,Men
MARELJA Jure,Croatia,Water Polo,Men
COURTEIX David,France,Rugby Sevens,Women
IGARZA Germain,France,Rugby Sevens,Women
COULIBALY Abdoulaye,Mali,Football,
DIALLO Badara Alou,Mali,Football,Men
DUNPHY Marv,United States,Volleyball,Women
KIRALY Karch,United States,Volleyball,Women
MIYASHIRO Tama,United States,Volleyball,Women
REFT Alfee,United States,Volleyball,Women
VIRTUE Erin,United States,Volleyball,Women
BROWN Gareth,United States,Taekwondo,
FUERBRINGER Matt,United States,Volleyball,Men
SPERAW John,United States,Volleyball,Men
WEBER Javi,United States,Volleyball,Men
WALL Mike,United States,Volleyball,Men
TOKUMOTO Yukito,Japan,Volleyball,Women
BLAIN Philippe,Japan,Volleyball,Men
FUKATSU Takayuki,Japan,Volleyball,Men
ITOH Kenji,Japan,Volleyball,Men
MANABE Masayoshi,Japan,Volleyball,Women
KAWAKITA Gen,Japan,Volleyball,Women
REZA Surian,New Zealand,Artistic Gymnastics,
CHEN Wei,China,Artistic Gymnastics,
HE Hua,China,Artistic Gymnastics,
JIN Weiguo,China,Artistic Gymnastics,
LI Dezhi,China,Artistic Gymnastics,
LIU Jinyu,China,Artistic Gymnastics,
LIU Tao,China,Artistic Gymnastics,
LU le,China,Artistic Gymnastics,
SUN Ping,China,Artistic Gymnastics,
TENG Haibin,China,Artistic Gymnastics,
WANG Liming,China,Artistic Gymnastics,
XU Jinglei,China,Artistic Gymnastics,
ZHANG Haiyan,China,Artistic Gymnastics,
ZHENG Hao,China,Artistic Gymnastics,
YE Sheng,China,Artistic Gymnastics,
SOTOMURA Kazutoshi,Japan,Artistic Gymnastics,
SHINTAKU Yuya,Japan,Artistic Gymnastics,
TOYOSHIMA Risa,Japan,Artistic Gymnastics,
TANAKA Hikaru,Japan,Artistic Gymnastics,
SATO Hiroaki,Japan,Artistic Gymnastics,
SAITO Yoshihiro,Japan,Artistic Gymnastics,
JUN Jung Hooi,Tajikistan,Taekwondo,
LIKHADZIYEUSKI Anatoli,AIN,Taekwondo,
ANTONYAN Sahak,Armenia,Artistic Gymnastics,
BERZHETS Viachaslau,AIN,Taekwondo,
NAZARYAN Hayk,Armenia,Artistic Gymnastics,
OGANESIANTC Avetis,AIN,Taekwondo,
de GIORGI Ferdinando,Italy,Volleyball,Men
CAPONERI Massimo,Italy,Volleyball,Men
GIOLITO Nicola,Italy,Volleyball,Men
VELASCO Julio,Italy,Volleyball,Women
BARBOLINI Massimo,Italy,Volleyball,Women
BERNARDI Lorenzo,Italy,Volleyball,Women
van DAMME Koen,Belgium,Artistic Gymnastics,
DUGONJIC Ivo Martin,Uruguay,Rugby Sevens,Men
PUIG CARPANETO Gabriel,Uruguay,Rugby Sevens,Men
PRUNSKAS Algimantas,Lithuania,Artistic Gymnastics,
CAMPAGNA Alessandro,Italy,Water Polo,Men
SILIPO Carlo,Italy,Water Polo,Women
FARINELLI Roberta,Italy,Artistic Swimming,Team
POMILIO Amedeo,Italy,Water Polo,Men
GIALLOMBARDO Patrizia,Italy,Artistic Swimming,Team
di CECCA Cosimino,Italy,Water Polo,Women
JANECKOVA Katerina,Czechia,Artistic Gymnastics,
LEAL COLMENAREZ Mario,Venezuela,Taekwondo,
MOHAMMED Aisha,Nigeria,Basketball,
GARCIA CABRERA David,Puerto Rico,Basketball,
DELANEY Mike,New Zealand,Hockey,
McALEESE Shea,New Zealand,Hockey,
CLARK Gregg,New Zealand,Hockey,
NICOL Greg,New Zealand,Hockey,
MACKINTOSH Euan,New Zealand,Rugby Sevens,Men
SWEENEY Cory,New Zealand,Rugby Sevens,Women
GIBBS Rodney,New Zealand,Rugby Sevens,Men
COCKER Edwin,New Zealand,Rugby Sevens,Women
CAMA Tomasi,New Zealand,Rugby Sevens,Men
ROSS Stu,New Zealand,Rugby Sevens,Women
MURPHY Amanda,New Zealand,Rugby Sevens,Women
McMASTER Travis,New Zealand,Rugby Sevens,Men
ANNAN Alyson Regina,China,Hockey,
LU Zhuan,China,Rugby Sevens,Women
PASQUALETTI Massimo,China,Rugby Sevens,Women
GOMEZ AGUERA Salvador Emilio,China,Water Polo,Women
JANE GIRALT Juan,China,Water Polo,Women
WU Zhiyu,China,Water Polo,Women
QU Tao,China,Rhythmic Gymnastics,
SUN Dan,China,Rhythmic Gymnastics,
XU Yanshu,China,Rhythmic Gymnastics,
BLIZNYUK Anastasia,China,Rhythmic Gymnastics,
LARHOLM Erik Jonas,Korea,Handball,Women
RADIC Vanja,Korea,Handball,Women
SIGNELL Kurt Henrik,Korea,Handball,Women
AGAFONTSEV Sergiy,"Hong Kong, China",Artistic Gymnastics,
KRCE Lucijan,Croatia,Artistic Gymnastics,
MADAREVIC Vladimir,Croatia,Artistic Gymnastics,
MWAPE Bruce,Zambia,Football,Women
LAVARINI Stefano,Poland,Volleyball,Women
VETTORI Nicola,Poland,Volleyball,Women
PACHLINSKI Krystian,Poland,Volleyball,Women
SUFA Bartosz,Poland,Volleyball,Women
NTHALA Charity,Zambia,Football,Women
KOHLOFFEL Markus,EOR,Taekwondo,
ZAREEI SHAMSABADI Manni,EOR,Taekwondo,
SABAH Asif,EOR,Taekwondo,
YUSSUPOVA Aliya,Kazakhstan,Rhythmic Gymnastics,
DUISENGALIYEVA Danissa,Kazakhstan,Rhythmic Gymnastics,
NOLANO Claudio,Italy,Taekwondo,
ALFARO RODRIGUEZ Santiago,Uruguay,Rugby Sevens,Men
LEE KIM Daniel,Uruguay,Taekwondo,
RENARD Herve,France,Football,Women
BONADEI Laurent,France,Football,
BLAHIC Eric,France,Football,
FOUACHE Gilles,France,Football,
MAMAYEV Nursultan,Kazakhstan,Taekwondo,
KIM Kwangsu,Kazakhstan,Taekwondo,
BESBAYEV Olzhas,Kazakhstan,Taekwondo,
SAGYNAYEV Kanat,Kazakhstan,Taekwondo,
DOBLER Mauro,Argentina,Football,
ECHEVERRY Alex,Colombia,Football,
PHIRI Yona,Zambia,Football,Women
GRAND'PIERRE Naomy Hope,Haiti,Artistic Gymnastics,
LAMBDIN Stephen,United States,Taekwondo,
ABARCA Megan,United States,Artistic Swimming,Duet
MWILA Florence,Zambia,Football,Women
ELFAKHARANY Hany,Egypt,Handball,Men
SIERRA MENDEZ Jose Manuel,Egypt,Handball,Men
PASTOR GOMEZ Juan Carlos,Egypt,Handball,Men
VATKIN Vladimir,Kazakhstan,Artistic Gymnastics,
KURBANOV Khussanzhan,Kazakhstan,Artistic Gymnastics,
KENESSOV Sapargali,Kazakhstan,Artistic Gymnastics,
ALMAAZMI Abdalla,Palestine,Taekwondo,
RODRIGUEZ VAQUERO Jose Maria,Hungary,Handball,Men
VELASCO ENCINAS Miguel Angel,Hungary,Handball,Men
ZOLGHADRI Farzad,Bulgaria,Taekwondo,
GOLOVIN Vlagyimir Alekszandrovics,Hungary,Handball,Women
PIGNICZKI Krisztina,Hungary,Handball,Women
MASCHERANO Javier,Argentina,Football,Men
MARSIGLIA Angelo,Colombia,Football,Women
RODRIGUEZ Lucas,Argentina,Football,
STILLITANO Leandro,Argentina,Football,
AGUILAR ESTRADA Eduardo,Spain,Hockey,
CALDAS Maximiliano,Spain,Hockey,
GARCIA CUENCA Carlos,Spain,Hockey,
GAVILAN MORAL Diego Manuel,Spain,Hockey,
GUTIERREZ ZULAICA Lorena,Spain,Hockey,
IGLESIAS BILBAO Alejandro,Spain,Hockey,
JARO MOLINA Rafael,Spain,Hockey,
LAZARO REINA Jordi,Spain,Hockey,
MOVELLAN de la MAZA Borja,Spain,Hockey,
PALOMERO MARTIN Oscar,Spain,Hockey,
PEREZ Carlos,Colombia,Football,Women
CANTWELL Lynne,South Africa,Rugby Sevens,
DAZEL Renfred,South Africa,Rugby Sevens,Women
MOLOPYANE Obakeng,South Africa,Rugby Sevens,Women
PARKER Naasier,South Africa,Rugby Sevens,
AFRIKA Cecil,South Africa,Rugby Sevens,Women
WAKAMA Rena,Nigeria,Basketball,Women
OLAJUWON Alon,Nigeria,Basketball,
FUENTES Andrea,United States,Artistic Swimming,Team
TEIXEIRA Lara,United States,Artistic Swimming,Team
RUIZ CASAS Jairo,Colombia,Artistic Gymnastics,
LIM Alison,Colombia,Artistic Gymnastics,
ALONSO CALVO Adria,Spain,Artistic Gymnastics,
BANGO MELCON Benjamin,Spain,Artistic Gymnastics,
BOTELLA PEREZ de LANDAZAB Isaac,Spain,Artistic Gymnastics,
CARRASCAL RUBIO Alvaro,Spain,Artistic Gymnastics,
CASIMIRO ROS Javier,Spain,Artistic Gymnastics,
GUISADO MUNOZ Lucia,Spain,Artistic Gymnastics,
MARTINEZ SANCHEZ Manuel Angel,Spain,Artistic Gymnastics,
MIR HOMAR Pedro,Spain,Artistic Gymnastics,
RUEDA BRAVO Eva,Spain,Artistic Gymnastics,
SAN JOSE CRISTOBAL Almudena,Spain,Artistic Gymnastics,
BROWN LOPEZ Dagmara,Spain,Rhythmic Gymnastics,
FERRANDEZ ARENAS Monica,Spain,Rhythmic Gymnastics,
GARCIA GARCES Maria,Spain,Rhythmic Gymnastics,
LINARES GARCIA Marta,Spain,Rhythmic Gymnastics,
MALCHAIR SELECQUE Caroline Martine,Spain,Rhythmic Gymnastics,
PELAZ MOTA Ana,Spain,Rhythmic Gymnastics,
QUEREDA FLORES Alejandra,Spain,Rhythmic Gymnastics,
KASSMAN Edward,Papua New Guinea,Taekwondo,
PABLO Jose,Angola,Handball,Women
FERREIRINHA Jose,Portugal,Artistic Gymnastics,
CAPORN Adam,Australia,Basketball,
GOORJIAN Brian,Australia,Basketball,Men
CHAMBERS Cheryl,Australia,Basketball,Women
PATRICK David,Australia,Basketball,
NIELSEN Matt,Australia,Basketball,Men
GORISS Paul,Australia,Basketball,
CARROLL Ryan,Australia,Basketball,
BRONDELLO Sandy,Australia,Basketball,Women
SEEBHOM Shannon,Australia,Basketball,
PYSMENNA Oksana,Korea,Artistic Swimming,Duet
CHOI Jungyeol,Korea,Artistic Gymnastics,
KIM Daeeun,Korea,Artistic Gymnastics,
KIM Jihoon,Korea,Artistic Gymnastics,
LEE Sunsung,Korea,Artistic Gymnastics,
MIN Ayoung,Korea,Artistic Gymnastics,
CSEH Sandor Viktor,Hungary,Water Polo,Women
MUNALA Japheth,Kenya,Volleyball,Women
BARASA James,Kenya,Volleyball,Women
MIHOK Attila,Hungary,Water Polo,Women
TORTOSA Hugo,Lesotho,Taekwondo,
TOPARI Yusuf,Australia,Artistic Gymnastics,
MITCHELL Katie,Australia,Rhythmic Gymnastics,
BARABACH Mikhail,Australia,Artistic Gymnastics,
WILSON Sean,Australia,Artistic Gymnastics,
BELAN Tatsiana,Australia,Rhythmic Gymnastics,
LI Xiaoqing,Australia,Artistic Gymnastics,
DOUMBIA Bounafou,Mali,Football,
BARRETO Diego,Paraguay,Football,
DENIA Santi,Spain,Football,Men
GORDO David,Spain,Football,
MARTINEZ Ruben,Spain,Football,
ZIMMERMANN Matthieu,Belgium,Artistic Gymnastics,
EHREN Raoul,Belgium,Hockey,
McLEOD Shane,Belgium,Hockey,Men
GAMBLUCH Leonardo,Belgium,Taekwondo,
VARGA Zsolt,Hungary,Water Polo,Men
UGLESSICH Mariano,Paraguay,Football,
HAYES Emma,United States,Football,Women
REDDY Denise,United States,Football,Women
SEARLE Stuart,United States,Football,Women
JARA SAGUIER Carlos,Paraguay,Football,Men
COVELO Alex,United States,Football,Men
MITROVIC Marko,United States,Football,Men
PAYNE Russell,United States,Football,Men
SEGARES Gonzalo,United States,Football,Men
MAYNE Michael,New Zealand,Football,Women
REED Duncan,New Zealand,Football,
BAZELEY Darren,New Zealand,Football,Men
GOTHARD Paul,New Zealand,Football,Men
READINGS Tony,New Zealand,Football,Men
ELLIOTT Simon,New Zealand,Football,Men
SARVER Keri,New Zealand,Football,
POTTER Anthony,Australia,Hockey,
BATCH Colin,Australia,Hockey,
STANIFORTH Dave,Australia,Hockey,
MURRAY Emma,Australia,Hockey,Women
PURVIS Hugh,Australia,Hockey,
DAVY Jeremy,Australia,Hockey,
POWELL Katrina,Australia,Hockey,
HAMMOND Rob,Australia,Hockey,
LU Xiaohui,China,Rugby Sevens,
ZHU Jiangtao,China,Rugby Sevens,
MA Chong,China,Rugby Sevens,
ZHU Jing,China,Rugby Sevens,
CARNELI Ryan,Australia,Taekwondo,
LEE Seokhun,Australia,Taekwondo,
MACCARANI Emanuela,Italy,Rhythmic Gymnastics,
ROVETTA Valentina,Italy,Rhythmic Gymnastics,
MANCINELLI Claudia,Italy,Rhythmic Gymnastics,
ABDULLAYEV Mammad,Azerbaijan,Taekwondo,
RADONIC Vesna,Montenegro,Rhythmic Gymnastics,
YANITSAS Andrew,Australia,Water Polo,Men
DENIS Eddie,Australia,Water Polo,Women
RIPPON Bec,Australia,Water Polo,Women
WOODS Taryn,Australia,Water Polo,Women
HAMILL Tim,Australia,Water Polo,Men
SULTANOV Yesbol,Tunisia,Taekwondo,
HECHMI Jendoubi,Tunisia,Taekwondo,
MARTIN CEDRES Ambrosio Jose,Spain,Handball,Women
MONTES AGUERA Cesar Jesus,Spain,Handball,Men
PRADES PONS Jose Ignacio,Spain,Handball,Women
RIBERA ROMANS Jordi,Spain,Handball,Men
JAKOVLJEVIC Nenad,Serbia,Basketball,
KOSTIC Oliver,Serbia,Basketball,Men
MARINOVIC Marko,Serbia,Basketball,
PESIC Svetislav,Serbia,Basketball,Men
STOJAKOVIC Ognjen,Serbia,Basketball,
SEKULIC Marko,Serbia,Basketball,
BUTULIJA Dajana,Serbia,Basketball,
DRLJACA Ljubica,Serbia,Basketball,Women
MALJKOVIC Marina,Serbia,Basketball,Women
PAGE Danielle Nicole,Serbia,Basketball,
BEATTIE Ciaran,Great Britain,Rugby Sevens,Women
NOLAN James,Great Britain,Rugby Sevens,Women
PUGH Richie,Great Britain,Rugby Sevens,
RIDDELL Scott,Great Britain,Rugby Sevens,Women
ROQUES Tony,Great Britain,Rugby Sevens,
JANIC Bojan,Serbia,Volleyball,Men
JEVTIC Ivica,Serbia,Volleyball,Men
KOLAKOVIC Igor,Serbia,Volleyball,Men
MAJSTOROVIC Neven,Serbia,Volleyball,Men
BUTARBUTAR Eva,Indonesia,Artistic Gymnastics,
BLAGOJEVIC Jelena,Serbia,Volleyball,Women
GUIDETTI Giovanni,Serbia,Volleyball,Women
TUDELA PERRET Matias,Spain,Rugby Sevens,
HERNANDEZ JIMENEZ Francisco de Pau.,Spain,Rugby Sevens,
KOCH Ulla,Belgium,Artistic Gymnastics,
van den HEUVEL Michel,Belgium,Hockey,Men
MALDONADO Oscar,Dominican Republic,Taekwondo,
MATEO BATISTA Ruddy,Dominican Republic,Taekwondo,
LAACHRAOUI Mourad,Belgium,Taekwondo,
MEZIANE Rachid,Belgium,Basketball,Women
BARTON Emilee,Australia,Rugby Sevens,Women
STANNARD James,Australia,Rugby Sevens,Men
MANENTI John,Australia,Rugby Sevens,Men
WALSH Timothy,Australia,Rugby Sevens,Women
BYDWELL Emilie,United States,Rugby Sevens,Women
TEST Zack,United States,Rugby Sevens,Women
FORD Trey,United States,Rugby Sevens,Women
FRIDAY Mike,United States,Rugby Sevens,Men
GREENING Phil,United States,Rugby Sevens,Men
FERREIRA Marcel,Brazil,Artistic Swimming,
KARFUNKELSTEIN Rogerio,Brazil,Artistic Swimming,
SPLITTER Tiago,Brazil,Basketball,Men
HAMANO Yukiya,Japan,Football,
HANEDA Kenji,Japan,Football,
OIWA Go,Japan,Football,Men
CUNHA Thiago,Egypt,Football,
ALBINO Cristiano,Brazil,Artistic Gymnastics,
BISCALCHIN Daniel,Brazil,Artistic Gymnastics,
PORATH Francisco,Brazil,Artistic Gymnastics,
YASHENKO Iryna,Brazil,Artistic Gymnastics,
ROSA Bruna,Brazil,Rhythmic Gymnastics,
FEREZIN Camila,Brazil,Rhythmic Gymnastics,
NAVES Marcia,Brazil,Rhythmic Gymnastics,
PEREIRA Alexandro,Brazil,Rhythmic Gymnastics,
FIGUEIREDO Tatiana,Brazil,Rhythmic Gymnastics,
FUCHS Tracey,United States,Hockey,
PASSMORE David,United States,Hockey,
TELECHEA Javi,United States,Hockey,
MATHEUS Carlos,Brazil,Artistic Swimming,
DOMINGUES Felipe,Brazil,Artistic Swimming,
POSSENTI Fernando,Brazil,Artistic Swimming,
ONHA MARQUES Sergio,Brazil,Artistic Swimming,
FEW Mark,United States,Basketball,
KERR Steve,United States,Basketball,Men
LUE Tyronn,United States,Basketball,Men
SPOELSTRA Erik,United States,Basketball,Men
LAWSON Kara,United States,Basketball,
MILLER Curt,United States,Basketball,
REEVE Cheryl,United States,Basketball,Women
TAYLOR Joni,United States,Basketball,Women
THIBAULT Mike,United States,Basketball,Women
WRIGHT Tanisha,United States,Basketball,
KOLINISAU Ratu Osea,Fiji,Rugby Sevens,Men
ARENHART ALVES Ismael,Brazil,Rugby Sevens,Women
BRODERICK William,Brazil,Rugby Sevens,Women
FERRER Alexander,Brazil,Artistic Swimming,
dos SANTOS Clayton,Brazil,Taekwondo,
RIBEIRO Diego,Brazil,Taekwondo,
NAMAUA Tikiko,Fiji,Rugby Sevens,Women
KLAMBURG ROQUE Paula,Australia,Artistic Swimming,Team
ONO Shoko,Australia,Artistic Swimming,Team
SOARES Mateus Joao Felgueiras,Timor-Leste,Taekwondo,
LUZON Guy,Israel,Football,Men
CHOEN Haim,Israel,Football,
BUTALA-KOVACIC Petra,Serbia,Taekwondo,
JOVIC Dragan,Serbia,Taekwondo,
SAVICEVIC Veljko,Serbia,Taekwondo,
BUCHNIK Victor,Israel,Football,
BILIC Darko,Serbia,Water Polo,Men
CIRIC Stefan,Serbia,Water Polo,Men
STEVANOVIC Uros,Serbia,Water Polo,Men
TAAFFE Robert,Ireland,Taekwondo,
NSILU DILANDU Leroy,Ireland,Taekwondo,
EFTIMOV Aleksandar,North Macedonia,Taekwondo,
ADEL MOSTAFA,Egypt,Football,Men
FUJIKI Mayuko,Spain,Artistic Swimming,Team
JIMENEZ NIETO Cecilia,Spain,Artistic Swimming,Duet
REQUENA PERICAS Judit,Spain,Artistic Swimming,Team
VEGA HERRERO Anna,Spain,Artistic Swimming,
ANDREO GABAN Angel Luis,Spain,Water Polo,Women
APARICIO SUNEN Antonio Francisco,Spain,Water Polo,Men
IVANOV PIRALKOV Svilen,Spain,Water Polo,Men
MARTIN LOZANO David,Spain,Water Polo,Men
OCA GAIA Miguel Angel,Spain,Water Polo,Women
VALLS NART Jordi,Spain,Water Polo,Women
KERTESZNE BORKAI Anita,Hungary,Artistic Gymnastics,
CAMPODONICO Marco,Italy,Artistic Gymnastics,
CASELLA Enrico,Italy,Artistic Gymnastics,
ZHOU Tianke,Lao PDR,Rhythmic Gymnastics,
ALLER CARBALLO Manuel Angel,Spain,Basketball,
CAMPS SAN JOSE Salvador,Spain,Basketball,
FERNANDEZ TARGARONA Isaac,Spain,Basketball,
GARCIA GUADARRAMA Victor Jesus,Spain,Basketball,
GUIL Luis,Spain,Basketball,Men
MENDEZ Miguel,Spain,Basketball,Women
REY Luis,Spain,Basketball,Women
PRADO BRANAS Joaquin,Spain,Basketball,
SANCHEZ CANETE CALVO Angel Luis,Spain,Basketball,Men
SCARIOLO Sergio,Spain,Basketball,Men
URIETA GUTIERREZ Madelen,Spain,Basketball,
CAREY Brian,United States,Artistic Gymnastics,
LANDI Cecile,United States,Artistic Gymnastics,
BRECKENRIDGE Grant,United States,Artistic Gymnastics,
SUN Sonia,United States,Artistic Gymnastics,
GRABA Jess,United States,Artistic Gymnastics,
GAARENSTROOM Jordan,United States,Artistic Gymnastics,
LANDI Laurent,United States,Artistic Gymnastics,
KLIMOUK Natalia,United States,Rhythmic Gymnastics,
CAESAR Syque,United States,Artistic Gymnastics,
MIKULAK Sam,United States,Artistic Gymnastics,
LIUKIN Valeri,United States,Artistic Gymnastics,
BARRIEAU Jocelyn,Canada,Rugby Sevens,Women
HANRATTY Jack,Canada,Rugby Sevens,Women
MONAGHAN Iain,Canada,Rugby Sevens,Women
JOYCE Jenn,Canada,Rugby Sevens,Women
KONE Thierry,Côte d'Ivoire,Taekwondo,
VOLAVOLA Timoci,Fiji,Rugby Sevens,Women
TUIFUA Tevita,Tonga,Rugby Sevens,
OTUMULI Mavae,Tonga,Rugby Sevens,
VAIANGINA Ekitino,Tonga,Rugby Sevens,
LIUTAI Malika,Tonga,Rugby Sevens,
FULI Saiasi,Fiji,Rugby Sevens,Women
TOPPING James,Ireland,Rugby Sevens,Men
TEMPLE-JONES Allan,Ireland,Rugby Sevens,Women
WONG Ka Wing,"Hong Kong, China",Taekwondo,
MICALE Rogerio,Egypt,Football,Men
LERGA Javier,Spain,Football,
SANCHEZ Carlos,Spain,Football,
TOME Montse,Spain,Football,Women
BAYER Steven,Belgium,Hockey,
WHITE Tim,Belgium,Hockey,
LOPEZ ROMERO Victor Hugo,Japan,Handball,Men
ORTEGA PEREZ Antonio Carlos,Japan,Handball,Men
ROCHA de REZENDE Bernardo,Brazil,Volleyball,Men
RIBAS Giuliano,Brazil,Volleyball,Men
LAGES GUIMARAES Jose Roberto,Brazil,Volleyball,Women
DO REGO BARROS JUNIOR Paulo,Brazil,Volleyball,Women
LEONALDO Roberley Luiz,Brazil,Volleyball,Men
TABACH Ricardo,Brazil,Volleyball,Men
COPPINI FERNANDES Wagner Luiz,Brazil,Volleyball,Women
KEET Marcelle,South Africa,Hockey,
BONNET Giles,South Africa,Hockey,
GIL Carlos,Panama,Artistic Gymnastics,
LAWRENCE Natalie,New Zealand,Football,
HERST Jen,Canada,Football,
MANDER Jasmine,Canada,Football,
PRIESTMAN Bev,Canada,Football,Women
SPENCE Andy,Canada,Football,
PARK Jae,Canada,Taekwondo,
THORNTON Daniel,Canada,Taekwondo,
LIMA Brian,Samoa,Rugby Sevens,Men
PARADELO David,Canada,Water Polo,Women
POSTERIVO Stefano,Canada,Water Polo,Women
CAMPBELL Cora,Canada,Water Polo,Women
IGLESIAS Rodrigo,Brazil,Football,
ALCANTARA Edson,Brazil,Football,
ELIAS Arthur,Brazil,Football,Women
LALOMILO Faamaoni,Samoa,Rugby Sevens,Men
CIRKOVIC Vedran,Australia,Water Polo,Men
CHERNETSKA Nataliya,Greece,Artistic Swimming,Duet
KAMMENOU Alexia Anna,Greece,Water Polo,Women
LEMPESIS Xenofon,Greece,Water Polo,Women
PYRPYRIS Anastasios,Greece,Water Polo,Women
SCHIZAS Anastasios,Greece,Water Polo,Men
VLACHOS Theodoros,Greece,Water Polo,Men
KANTZOURIS Ilias,Greece,Basketball,Men
SPANOULIS Vasilis,Greece,Basketball,Men
RAFTIS Dimitrios,Greece,Artistic Gymnastics,
JENNINGS Stephen,EOR,Taekwondo,
FJELLSTROM Jens,Australia,Football,Women
ANDREATTA Mel,Australia,Football,Women
GUSTAVSSON Tony,Australia,Football,Women
van ECK Richard,Netherlands,Water Polo,Women
DOUDESIS Eva,Netherlands,Water Polo,Women
MOGHANLOU Bijan,Egypt,Taekwondo,
SICOT David Patrick,Lebanon,Taekwondo,
SEKTIOUI Tarik,Morocco,Football,Men
HADJI Youssouf,Morocco,Football,
BADAWI Ghanem,Syria,Artistic Gymnastics,
van der VEEN Jose,Netherlands,Artistic Gymnastics,
WEVERS Vincent,Netherlands,Artistic Gymnastics,
den UIJL Kevin,Netherlands,Artistic Gymnastics,
JACOBS Jeroen,Netherlands,Artistic Gymnastics,
KLEUSKENS Marcel,Netherlands,Artistic Gymnastics,
KNIBBELER Daniel,Netherlands,Artistic Gymnastics,
van MELDERT Dirk Jan,Netherlands,Artistic Gymnastics,
CLARIJS Ricardo,Netherlands,Handball,Women
JOHANSSON Per,Netherlands,Handball,Women
GOUTSEVA Anastasia,Greece,Artistic Swimming,Duet
SOKOLOVA Natalia,Cyprus,Rhythmic Gymnastics,
OGEYINGBO Ayodeji,Nigeria,Basketball,
DERAEDT Laurent,Morocco,Football,
LESZNER Joe,Canada,Archery,
TICHELMAN Thomas,Netherlands,Hockey,
van ASS Paul,Netherlands,Hockey,
DELMEE Jeroen,Netherlands,Hockey,
VERBOOM Eric,Netherlands,Hockey,
ALIYEVA Kamilla,Azerbaijan,Rhythmic Gymnastics,
VILYAYEVA Yevgeniya,Azerbaijan,Rhythmic Gymnastics,
VASILEVA Siyana,Azerbaijan,Rhythmic Gymnastics,
GULIYEV Kamil,Azerbaijan,Rhythmic Gymnastics,
KARIMLI Akif,Azerbaijan,Rhythmic Gymnastics,
JAUMA CAYUELA Esther,Netherlands,Artistic Swimming,Duet
GIE Cheslyn,South Africa,Hockey,
NTULI Siphesihle,South Africa,Hockey,
GOMEZ Ibai,Dominican Republic,Football,Men
RAMOS SANCHEZ Antonio,Côte d'Ivoire,Taekwondo,
AMOREBIETA Fernando,Dominican Republic,Football,
BRITEZ Cristhian,Dominican Republic,Football,
BALAN Adrian,Canada,Artistic Gymnastics,
COWAN Lisa,Canada,Artistic Gymnastics,
KIKUCHI David,Canada,Artistic Gymnastics,
van HOOF Ed,Canada,Artistic Gymnastics,
FALSETTA Ross,Great Britain,Artistic Gymnastics,
DENG Ajou,South Sudan,Basketball,
WIGNALL Rachel,Great Britain,Artistic Gymnastics,
MEIJER Eric,Netherlands,Volleyball,Women
KOSLOWSKI Felix,Netherlands,Volleyball,Women
FERRER CUTINO Gil,Netherlands,Volleyball,Women
IVEY Royal,South Sudan,Basketball,Men
KOUDI Mandela,South Sudan,Basketball,
CHIEJINE Ann,Nigeria,Football,
KULESZA Kasia,Canada,Artistic Swimming,Duet
MORGAN Kerri,Canada,Artistic Swimming,Duet
VOLOSHYNA Anna,Canada,Artistic Swimming,Team
YAKHNO Yelyzaveta,Canada,Artistic Swimming,Team
SAWADOGO Rasmane,Burkina Faso,Taekwondo,
BAUR Steve,Canada,Basketball,Women
BJORKGREN Nate,Canada,Basketball,Men
CLARKE Carly,Canada,Basketball,
FERNANDEZ Jordi,Canada,Basketball,Men
LAPENA Victor,Canada,Basketball,Women
MITCHELL Nathaniel,Canada,Basketball,
N'DONG Boniface,Canada,Basketball,
PAGE Murriel,Canada,Basketball,
QUINN Noelle,Canada,Basketball,
DENG Luol,South Sudan,Basketball,Men
CASTANEDA Allen Aldrin,Philippines,Artistic Gymnastics,
HRYBANOV Andrii,Israel,Artistic Gymnastics,
GRIFFETH Garrett Stephen,Philippines,Artistic Gymnastics,
ABAD EXPOSITO Iker Miquel,Ireland,Taekwondo,
WALDRUM Randy,Nigeria,Football,Women
DIAWARA Kaba,Guinea,Football,Men
CAPELLI Claudio,Switzerland,Artistic Gymnastics,
GUELZEC Laurent,Switzerland,Artistic Gymnastics,
KISTLER Frank,Switzerland,Artistic Gymnastics,
MUNOZ BENITEZ Fernando,Egypt,Volleyball,Men
KIM Myong Hwa,DPR Korea,Artistic Gymnastics,
TRAJKOVIC Ivan Konrad,Slovenia,Taekwondo,
PAVLIC Aljaz,Slovenia,Handball,Women
MIJATOVIC Branka,Slovenia,Handball,Women
ADZIC Dragan,Slovenia,Handball,Women
DROZHANOVA Elena,Slovenia,Rhythmic Gymnastics,
CRETU Gheorghe,Slovenia,Volleyball,Men
DIVKOVIC Goran,Slovenia,Taekwondo,
ZVIZEJ Luka,Slovenia,Handball,Men
de CECCO Matteo,Slovenia,Volleyball,Men
RETELJ Natasa,Slovenia,Artistic Gymnastics,
ZORMAN Uros,Slovenia,Handball,Men
KEDACIC Zoran,Slovenia,Volleyball,Men
MUGANGUZI Wani,Nigeria,Basketball,Women
FITZGERALD David,Ireland,Hockey,
BAM Jenna,South Africa,Rugby Sevens,
FALAHATGAR ETMINANI Davoud,Bulgaria,Taekwondo,
PETROVIC Aleksandar,Brazil,Basketball,Men
GORIATCHKINE Ivan,Philippines,Artistic Gymnastics,
BASILE Leonardo,EOR,Taekwondo,
VICTOR John,Nigeria,Taekwondo,
DONNELLY Peter,Ireland,Rugby Sevens,Men
CARSON Luke,Ireland,Artistic Gymnastics,
GORBACHEV Stepan,Ukraine,Artistic Gymnastics,
MARAJAN Sabit,South Sudan,Taekwondo,
DIAWARA Fousseni,Guinea,Football,Men
CAUKAUNIVALU Setefano,Fiji,Rugby Sevens,Men
GRANDES Pablo,Iraq,Football,
FONG Lerissa,Samoa,Rugby Sevens,
POMARE Sapani,Samoa,Rugby Sevens,
FAALUPEGA Avii,Samoa,Rugby Sevens,
DAVID EP CHIRILCENCO Georgeta,Algeria,Artistic Gymnastics,
ELZEFTAWEY Tarek,Egypt,Volleyball,Men
GAARENSTROOM Jordan Jon,Syria,Artistic Gymnastics,
PROST KOSIR Primoz,Slovenia,Handball,Men
TRAORE Alioune,Mali,Taekwondo,
COCCIA Kristina,Haiti,Artistic Gymnastics,
KAMKASOUMPHOU Ekvara,Mali,Taekwondo,
KHAJAVI Naeima,Egypt,Taekwondo,
LAWSON Franck,Burkina Faso,Taekwondo,
Mc DONALD Janelle Leigh,Philippines,Artistic Gymnastics,
QUESNEL Yannick,Guinea,Football,Men
TANSKANEN Juha Petteri,Syria,Artistic Gymnastics,
CHOUBA Jaouad,Guinea-Bissau,Taekwondo,
HERDEIRO Alvaro Francisco,Brazil,Handball,Women
MAROJA Gabriel Augusto,Brazil,Handball,Women
ALONSO BERNARDO Jessica,Spain,Handball,Women
LARSSON Thomas Erik Daniel,Netherlands,Handball,Women
CAROU Gonzalo,Argentina,Handball,Men
CAZON Guillermo,Argentina,Handball,Men
CAAMANO Juan,Spain,Handball,Men
TORRESCUSA Ignacio,Spain,Handball,Men
GJERDE Joar,Norway,Handball,Women
BONDAR Vladyslav,Burkina Faso,Taekwondo,
CICHELLO Juan Manuel,Italy,Volleyball,Women
VASSILIADES Emmanuel,Greece,Water Polo,Men
